PropertyName,URL
Bangsar Hill Park,https://www.propertyguru.com.my/condo/bangsar-hill-park-16389
Residential Parcel 3,https://www.propertyguru.com.my/condo/residential-parcel-3-17441
M3 Residency,https://www.propertyguru.com.my/condo/m3-residency-4673
UNIO Residence,https://www.propertyguru.com.my/condo/unio-residence-9795
Pangsapuri Permai,https://www.propertyguru.com.my/condo/pangsapuri-permai-16812
Establishment Bangsar (Menara Teguh Bangsar),https://www.propertyguru.com.my/condo/establishment-bangsar-menara-teguh-bangsar-15504
Sunway Velocity - Service Apartment,https://www.propertyguru.com.my/condo/sunway-velocity-service-apartment-14597
United Garden (Taman Lee Yan Lian),https://www.propertyguru.com.my/condo/united-garden-taman-lee-yan-lian-17165
Sri Harmonis Apartment,https://www.propertyguru.com.my/condo/sri-harmonis-apartment-2462
Apartment Pantai Indah Fasa 1,https://www.propertyguru.com.my/condo/apartment-pantai-indah-fasa-1-16832
Menara Bintang Goldhill,https://www.propertyguru.com.my/condo/menara-bintang-goldhill-14682
Bangunan Sri Layang,https://www.propertyguru.com.my/condo/bangunan-sri-layang-16450
Arte Plus Jalan Ampang,https://www.propertyguru.com.my/condo/arte-plus-jalan-ampang-6650
Arte @ Kuchai Lama,https://www.propertyguru.com.my/condo/arte-kuchai-lama-6959
Pavilion Suites,https://www.propertyguru.com.my/condo/pavilion-suites-9735
Westside III,https://www.propertyguru.com.my/condo/westside-iii-9737
The Holmes Bandar Tun Razak,https://www.propertyguru.com.my/condo/the-holmes-bandar-tun-razak-9596
Casa Green @ Bukit Jalil,https://www.propertyguru.com.my/condo/casa-green-bukit-jalil-9632
EkoCheras Service Apartment,https://www.propertyguru.com.my/condo/ekocheras-service-apartment-9662
Parc 3,https://www.propertyguru.com.my/condo/parc-3-9654
Kenwingston Avenue @ Sungai Besi,https://www.propertyguru.com.my/condo/kenwingston-avenue-sungai-besi-9657
Residensi Rampai II,https://www.propertyguru.com.my/condo/residensi-rampai-ii-9686
Residensi Ampang Tengah 6 (‘AT 6’),https://www.propertyguru.com.my/condo/residensi-ampang-tengah-6-at-6-9697
Residensi Far East @ Kuchai Lama,https://www.propertyguru.com.my/condo/residensi-far-east-kuchai-lama-9702
"Tropicana The Residences, KLCC",https://www.propertyguru.com.my/condo/tropicana-the-residences-klcc-9710
"Ampang Puri, Ampang Hilir",https://www.propertyguru.com.my/condo/ampang-puri-ampang-hilir-8534
"Boulevard Serviced Apartment, Jalan Ipoh",https://www.propertyguru.com.my/condo/boulevard-serviced-apartment-jalan-ipoh-8561
"8 Kia Peng, KLCC",https://www.propertyguru.com.my/condo/8-kia-peng-klcc-8525
"Boulevard Business Park, Kuala Lumpur",https://www.propertyguru.com.my/condo/boulevard-business-park-kuala-lumpur-8558
"Desa Satu, Kepong",https://www.propertyguru.com.my/condo/desa-satu-kepong-8621
"Enesta, Kepong",https://www.propertyguru.com.my/condo/enesta-kepong-8642
"Fortune Court, Kepong",https://www.propertyguru.com.my/condo/fortune-court-kepong-8657
"Kondo Rakyat, Pantai",https://www.propertyguru.com.my/condo/kondo-rakyat-pantai-8735
"Lexa Residence @ The Quartz, Wangsa Maju",https://www.propertyguru.com.my/condo/lexa-residence-the-quartz-wangsa-maju-8774
"Meridian 101, Dang Wangi",https://www.propertyguru.com.my/condo/meridian-101-dang-wangi-8807
"M Sentral, Titiwangsa",https://www.propertyguru.com.my/condo/m-sentral-titiwangsa-8789
"Mutiara Apartment, Old Klang Road",https://www.propertyguru.com.my/condo/mutiara-apartment-old-klang-road-8819
"Peninsular Residence, Damansara Heights",https://www.propertyguru.com.my/condo/peninsular-residence-damansara-heights-8882
"Pantai Permai, Pantai",https://www.propertyguru.com.my/condo/pantai-permai-pantai-8864
"Sky Residence @ Shamelin, Cheras",https://www.propertyguru.com.my/condo/sky-residence-shamelin-cheras-8978
"Taman LTAT, Bukit Jalil",https://www.propertyguru.com.my/condo/taman-ltat-bukit-jalil-9053
"The Gardens, Mid Valley City",https://www.propertyguru.com.my/condo/the-gardens-mid-valley-city-9092
"The Ruma Residences, KLCC",https://www.propertyguru.com.my/condo/the-ruma-residences-klcc-9110
"UBN Apartment, KLCC",https://www.propertyguru.com.my/condo/ubn-apartment-klcc-9128
"Zen Suites @ ZetaPark, Setapak",https://www.propertyguru.com.my/condo/zen-suites-zetapark-setapak-9164
"ARIA Luxury Residence, KLCC",https://www.propertyguru.com.my/condo/aria-luxury-residence-klcc-9176
"J.Dupion, Cheras",https://www.propertyguru.com.my/condo/j-dupion-cheras-9218
"Section 2, Wangsa Maju",https://www.propertyguru.com.my/condo/section-2-wangsa-maju-9242
"Sky Awani Residensi, Sentul",https://www.propertyguru.com.my/condo/sky-awani-residensi-sentul-9245
"Sri Ampang Hilir, Desa Pandan",https://www.propertyguru.com.my/condo/sri-ampang-hilir-desa-pandan-9254
"Sri TTDI, TTDI",https://www.propertyguru.com.my/condo/sri-ttdi-ttdi-9257
"Wangsa 9 Residency, Wangsa Maju",https://www.propertyguru.com.my/condo/wangsa-9-residency-wangsa-maju-9287
Platinum Teratai Residence,https://www.propertyguru.com.my/condo/platinum-teratai-residence-9756
The Nest Residence @ Genting Klang,https://www.propertyguru.com.my/condo/the-nest-residence-genting-klang-9772
GenKL,https://www.propertyguru.com.my/condo/genkl-9790
Residensi Sefina Mont Kiara,https://www.propertyguru.com.my/condo/residensi-sefina-mont-kiara-9800
Kaleidoscope Residensi Setiawangsa,https://www.propertyguru.com.my/condo/kaleidoscope-residensi-setiawangsa-9801
Adora,https://www.propertyguru.com.my/condo/adora-9818
Residensi Harmoni 2,https://www.propertyguru.com.my/condo/residensi-harmoni-2-9884
M-Suite @ Bandar Manjalara,https://www.propertyguru.com.my/condo/m-suite-bandar-manjalara-9949
Aurora Suites @ Bukit Jalil,https://www.propertyguru.com.my/condo/aurora-suites-bukit-jalil-9954
Taman Daya,https://www.propertyguru.com.my/condo/taman-daya-9966
Taman Mulia,https://www.propertyguru.com.my/condo/taman-mulia-12314
Taman Sri Ehsan Apartment,https://www.propertyguru.com.my/condo/taman-sri-ehsan-apartment-12485
Sri Jinjang Apartment (Pangsapuri Sri Jinjang),https://www.propertyguru.com.my/condo/sri-jinjang-apartment-pangsapuri-sri-jinjang-12480
Kampung Datuk Keramat,https://www.propertyguru.com.my/condo/kampung-datuk-keramat-12722
OG Court Pangsapuri Bukit Awansari,https://www.propertyguru.com.my/condo/og-court-pangsapuri-bukit-awansari-12905
Pinnacle,https://www.propertyguru.com.my/condo/pinnacle-13072
M-Suites @ Embassy Row,https://www.propertyguru.com.my/condo/m-suites-embassy-row-13173
Damai Residence @ Sungai Besi,https://www.propertyguru.com.my/condo/damai-residence-sungai-besi-13181
Q SOVO,https://www.propertyguru.com.my/condo/q-sovo-13201
pelangi condominium,https://www.propertyguru.com.my/condo/pelangi-condominium-13441
Bukit Prima Pelangi,https://www.propertyguru.com.my/condo/bukit-prima-pelangi-12191
The Lumayan Apartment,https://www.propertyguru.com.my/condo/the-lumayan-apartment-12210
Maxim Citylights,https://www.propertyguru.com.my/condo/maxim-citylights-12729
Desa Pandan Apartment,https://www.propertyguru.com.my/condo/desa-pandan-apartment-13189
Pangsa Murni Titiwangsa,https://www.propertyguru.com.my/condo/pangsa-murni-titiwangsa-13266
V Residence 3 @ Sunway Velocity,https://www.propertyguru.com.my/condo/v-residence-3-sunway-velocity-13418
Taman Setapak,https://www.propertyguru.com.my/condo/taman-setapak-13518
Kiara East - DEX Suites,https://www.propertyguru.com.my/condo/kiara-east-dex-suites-13580
Brem Park 2,https://www.propertyguru.com.my/condo/brem-park-2-13636
Menara Damansara,https://www.propertyguru.com.my/condo/menara-damansara-13799
Mandarina Court,https://www.propertyguru.com.my/condo/mandarina-court-13801
Astana Square,https://www.propertyguru.com.my/condo/astana-square-14051
Pandan Terrace Apartment (Pandan Perdana),https://www.propertyguru.com.my/condo/pandan-terrace-apartment-pandan-perdana-14064
Sunway Velocity TWO,https://www.propertyguru.com.my/condo/sunway-velocity-two-14103
PV9 Residences @ Taman Melati,https://www.propertyguru.com.my/condo/pv9-residences-taman-melati-14162
Vista Danau Kota Residensi Wilayah,https://www.propertyguru.com.my/condo/vista-danau-kota-residensi-wilayah-14167
UNA Serviced Apartment @ Jalan Peel,https://www.propertyguru.com.my/condo/una-serviced-apartment-jalan-peel-14175
Infiniti3 Residences @ Wangsa Maju,https://www.propertyguru.com.my/condo/infiniti3-residences-wangsa-maju-14331
3 Towers,https://www.propertyguru.com.my/condo/3-towers-14344
Sri Lempah,https://www.propertyguru.com.my/condo/sri-lempah-14542
Megan Setapak,https://www.propertyguru.com.my/condo/megan-setapak-16728
Kapas Heights,https://www.propertyguru.com.my/condo/kapas-heights-16668
Aira Residence,https://www.propertyguru.com.my/condo/aira-residence-15629
12 Kapas,https://www.propertyguru.com.my/condo/12-kapas-16394
Cheras Heights Condominium @ Taman Bukit Cheras,https://www.propertyguru.com.my/condo/cheras-heights-condominium-taman-bukit-cheras-16064
Taman Kuchai Jaya,https://www.propertyguru.com.my/condo/taman-kuchai-jaya-10158
Desa Petaling Flat,https://www.propertyguru.com.my/condo/desa-petaling-flat-10292
Trinity Lemanja,https://www.propertyguru.com.my/condo/trinity-lemanja-10289
Avara Seputeh,https://www.propertyguru.com.my/condo/avara-seputeh-10395
Taman Orkid Desa,https://www.propertyguru.com.my/condo/taman-orkid-desa-10616
Jalan Berangan,https://www.propertyguru.com.my/condo/jalan-berangan-11104
Taman Sri Endah,https://www.propertyguru.com.my/condo/taman-sri-endah-11106
Legend Height,https://www.propertyguru.com.my/condo/legend-height-11202
Tuan Residency,https://www.propertyguru.com.my/condo/tuan-residency-11558
ViiA Residence,https://www.propertyguru.com.my/condo/viia-residence-11584
Angkasa Impian 1,https://www.propertyguru.com.my/condo/angkasa-impian-1-11834
Taman Bukit Desa,https://www.propertyguru.com.my/condo/taman-bukit-desa-10062
DC Residensi @ Damansara Heights,https://www.propertyguru.com.my/condo/dc-residensi-damansara-heights-10115
Jalan Loke Yew,https://www.propertyguru.com.my/condo/jalan-loke-yew-10141
Legasi Kampong Bharu,https://www.propertyguru.com.my/condo/legasi-kampong-bharu-10241
1 Razak Mansion,https://www.propertyguru.com.my/condo/1-razak-mansion-10338
Taman Sungai Besi,https://www.propertyguru.com.my/condo/taman-sungai-besi-10977
Taman Setiawangsa,https://www.propertyguru.com.my/condo/taman-setiawangsa-10486
Seksyen 10 Wangsa Maju,https://www.propertyguru.com.my/condo/seksyen-10-wangsa-maju-11216
Residensi Gembira 737,https://www.propertyguru.com.my/condo/residensi-gembira-737-11688
Nidoz Residences @ Desa Petaling,https://www.propertyguru.com.my/condo/nidoz-residences-desa-petaling-11690
PPR Raya Permai,https://www.propertyguru.com.my/condo/ppr-raya-permai-11745
City Gardens Condominium,https://www.propertyguru.com.my/condo/city-gardens-condominium-11788
Residensi Jalan Jubilee,https://www.propertyguru.com.my/condo/residensi-jalan-jubilee-11814
South Brooks,https://www.propertyguru.com.my/condo/south-brooks-10229
TR Residence,https://www.propertyguru.com.my/condo/tr-residence-10228
Taman Bukit Permai,https://www.propertyguru.com.my/condo/taman-bukit-permai-10255
Laman Tasik,https://www.propertyguru.com.my/condo/laman-tasik-10376
Taman Angsana Hilir,https://www.propertyguru.com.my/condo/taman-angsana-hilir-11574
Bandar Baru Sentul Flat,https://www.propertyguru.com.my/condo/bandar-baru-sentul-flat-11600
V Residence Suites @ Sunway Velocity,https://www.propertyguru.com.my/condo/v-residence-suites-sunway-velocity-11635
Platinum Lake PV 21,https://www.propertyguru.com.my/condo/platinum-lake-pv-21-11636
Sky Suites @ KLCC,https://www.propertyguru.com.my/condo/sky-suites-klcc-11800
Residensi Alam Damai,https://www.propertyguru.com.my/condo/residensi-alam-damai-11829
Desa Villa,https://www.propertyguru.com.my/condo/desa-villa-767
The Meritz,https://www.propertyguru.com.my/condo/the-meritz-1004
Merdeka Villa,https://www.propertyguru.com.my/condo/merdeka-villa-1017
Pandan Court,https://www.propertyguru.com.my/condo/pandan-court-1124
Glenview Villa,https://www.propertyguru.com.my/condo/glenview-villa-1122
Grandeur Tower,https://www.propertyguru.com.my/condo/grandeur-tower-1123
Taman Sri Sentosa,https://www.propertyguru.com.my/condo/taman-sri-sentosa-1219
Sentosa Court (Jalan Klang Lama),https://www.propertyguru.com.my/condo/sentosa-court-jalan-klang-lama-1276
PPR Kampung Baru Air Panas,https://www.propertyguru.com.my/condo/ppr-kampung-baru-air-panas-16778
Sucasa Corporate Apartments,https://www.propertyguru.com.my/condo/sucasa-corporate-apartments-15198
Skyville @ Benteng 8,https://www.propertyguru.com.my/condo/skyville-benteng-8-16460
Royalle Condominium,https://www.propertyguru.com.my/condo/royalle-condominium-16430
Bandar Tasik Selatan Low Cost Flat,https://www.propertyguru.com.my/condo/bandar-tasik-selatan-low-cost-flat-16444
28 Residence @ Beverly Heights,https://www.propertyguru.com.my/condo/28-residence-beverly-heights-15632
Pantai Indah Apartment (Fasa 2),https://www.propertyguru.com.my/condo/pantai-indah-apartment-fasa-2-16834
The Ooak (Kiara 163),https://www.propertyguru.com.my/condo/the-ooak-kiara-163-9221
"The Rainz, Bukit Jalil",https://www.propertyguru.com.my/condo/the-rainz-bukit-jalil-9281
Villa Ampang Condominium,https://www.propertyguru.com.my/condo/villa-ampang-condominium-62
Vista Damai,https://www.propertyguru.com.my/condo/vista-damai-63
Menara Bangsar,https://www.propertyguru.com.my/condo/menara-bangsar-101
Sri Bayu (Bukit Bandaraya),https://www.propertyguru.com.my/condo/sri-bayu-bukit-bandaraya-108
Meadow Park 2,https://www.propertyguru.com.my/condo/meadow-park-2-381
De Tropicana,https://www.propertyguru.com.my/condo/de-tropicana-363
Villa Angsana,https://www.propertyguru.com.my/condo/villa-angsana-347
Bukit OUG Condominiums,https://www.propertyguru.com.my/condo/bukit-oug-condominiums-358
Nyaman Court,https://www.propertyguru.com.my/condo/nyaman-court-384
Stonor Park,https://www.propertyguru.com.my/condo/stonor-park-440
The Westside One,https://www.propertyguru.com.my/condo/the-westside-one-470
Vista Magna,https://www.propertyguru.com.my/condo/vista-magna-408
Kiaramas Sutera,https://www.propertyguru.com.my/condo/kiaramas-sutera-461
Enau Court,https://www.propertyguru.com.my/condo/enau-court-428
Kepong Central Condominium,https://www.propertyguru.com.my/condo/kepong-central-condominium-415
Happy Court,https://www.propertyguru.com.my/condo/happy-court-419
Aman Satu,https://www.propertyguru.com.my/condo/aman-satu-411
Setapak Ria,https://www.propertyguru.com.my/condo/setapak-ria-574
Platinum Lake PV 12,https://www.propertyguru.com.my/condo/platinum-lake-pv-12-568
Langkawi Apartment,https://www.propertyguru.com.my/condo/langkawi-apartment-551
PV 10 Platinum Lake Condominium,https://www.propertyguru.com.my/condo/pv-10-platinum-lake-condominium-572
Mahsuri Apartments,https://www.propertyguru.com.my/condo/mahsuri-apartments-552
Tar Villa,https://www.propertyguru.com.my/condo/tar-villa-588
Vista Wira 1 & 2,https://www.propertyguru.com.my/condo/vista-wira-1-2-590
Hartamas Regency I,https://www.propertyguru.com.my/condo/hartamas-regency-i-597
Puncak Prima,https://www.propertyguru.com.my/condo/puncak-prima-603
Endah Puri,https://www.propertyguru.com.my/condo/endah-puri-609
Hartamas Regency II,https://www.propertyguru.com.my/condo/hartamas-regency-ii-598
Mont Kiara Palma,https://www.propertyguru.com.my/condo/mont-kiara-palma-601
Windsor Tower,https://www.propertyguru.com.my/condo/windsor-tower-604
Casa Desa Condominium,https://www.propertyguru.com.my/condo/casa-desa-condominium-613
1 Desa Residence,https://www.propertyguru.com.my/condo/1-desa-residence-612
Endah Villa,https://www.propertyguru.com.my/condo/endah-villa-607
Kiara View,https://www.propertyguru.com.my/condo/kiara-view-630
Prima Court,https://www.propertyguru.com.my/condo/prima-court-625
Trellises,https://www.propertyguru.com.my/condo/trellises-634
Pesona Villa,https://www.propertyguru.com.my/condo/pesona-villa-624
Kiara Park,https://www.propertyguru.com.my/condo/kiara-park-629
Villa Flora  (TTDI),https://www.propertyguru.com.my/condo/villa-flora-ttdi-627
The Scott SOHO,https://www.propertyguru.com.my/condo/the-scott-soho-2729
Arata @ Bukit Tunku,https://www.propertyguru.com.my/condo/arata-bukit-tunku-2969
Zenia Garden Condos,https://www.propertyguru.com.my/condo/zenia-garden-condos-3035
Sri Tunku Condominium,https://www.propertyguru.com.my/condo/sri-tunku-condominium-3077
1C Pinang (Taman Sri Sentosa),https://www.propertyguru.com.my/condo/1c-pinang-taman-sri-sentosa-3971
Fadason Service Apartments,https://www.propertyguru.com.my/condo/fadason-service-apartments-4337
Ria Apartment @ Sri Ehsan,https://www.propertyguru.com.my/condo/ria-apartment-sri-ehsan-4463
Sri Ehsan Apartment,https://www.propertyguru.com.my/condo/sri-ehsan-apartment-4466
Seri Riana Residence,https://www.propertyguru.com.my/condo/seri-riana-residence-4637
Palace Court,https://www.propertyguru.com.my/condo/palace-court-4631
Pangsapuri Berembang Indah,https://www.propertyguru.com.my/condo/pangsapuri-berembang-indah-4628
Midah Ria Flat,https://www.propertyguru.com.my/condo/midah-ria-flat-4625
D'Suria Condominium @ Duta Suria,https://www.propertyguru.com.my/condo/d-suria-condominium-duta-suria-4667
SAVILLE @ THE PARK Bangsar,https://www.propertyguru.com.my/condo/saville-the-park-bangsar-4685
Seringin Residences,https://www.propertyguru.com.my/condo/seringin-residences-4691
Kiara Residence 1,https://www.propertyguru.com.my/condo/kiara-residence-1-4751
Kenny Hills Residence,https://www.propertyguru.com.my/condo/kenny-hills-residence-4754
Concerto North Kiara,https://www.propertyguru.com.my/condo/concerto-north-kiara-4811
The Court @ Central Residence,https://www.propertyguru.com.my/condo/the-court-central-residence-4778
"The Veo, Kuala Lumpur",https://www.propertyguru.com.my/condo/the-veo-kuala-lumpur-4835
Puncak Desa Apartment,https://www.propertyguru.com.my/condo/puncak-desa-apartment-4868
Impiana Shop Apartment (Wangsa Permai),https://www.propertyguru.com.my/condo/impiana-shop-apartment-wangsa-permai-5006
Taman Megah Kepong (Jalan Udang Harimau),https://www.propertyguru.com.my/condo/taman-megah-kepong-jalan-udang-harimau-5027
Saujana Ria Aparment,https://www.propertyguru.com.my/condo/saujana-ria-aparment-5123
Keramat Permai Shop Apartment,https://www.propertyguru.com.my/condo/keramat-permai-shop-apartment-5159
Platinum Lake Condominium PV 15,https://www.propertyguru.com.my/condo/platinum-lake-condominium-pv-15-5177
Sri Saujana Apartment (Wangsa Permai),https://www.propertyguru.com.my/condo/sri-saujana-apartment-wangsa-permai-5126
One-Stop @ Fraser Business Park,https://www.propertyguru.com.my/condo/one-stop-fraser-business-park-5162
Flat Taman Desa Cheras (Blok 1 3 5 7),https://www.propertyguru.com.my/condo/flat-taman-desa-cheras-blok-1-3-5-7-5288
Seksyen 2 Wangsa Maju Flat Block A,https://www.propertyguru.com.my/condo/seksyen-2-wangsa-maju-flat-block-a-5348
Seksyen 2 Wangsa Maju Flat Block C,https://www.propertyguru.com.my/condo/seksyen-2-wangsa-maju-flat-block-c-5354
Seksyen 1 Wangsa Maju Flat Block D,https://www.propertyguru.com.my/condo/seksyen-1-wangsa-maju-flat-block-d-5378
Seksyen 2 Wangsa Maju Flat Block G,https://www.propertyguru.com.my/condo/seksyen-2-wangsa-maju-flat-block-g-5366
Seksyen 2 Wangsa Maju Flat Block B,https://www.propertyguru.com.my/condo/seksyen-2-wangsa-maju-flat-block-b-5351
Seksyen 2 Wangsa Maju Flat Block F,https://www.propertyguru.com.my/condo/seksyen-2-wangsa-maju-flat-block-f-5363
Seksyen 1 Wangsa Maju Flat Block C,https://www.propertyguru.com.my/condo/seksyen-1-wangsa-maju-flat-block-c-5375
Seksyen 2 Wangsa Maju Flat Block E,https://www.propertyguru.com.my/condo/seksyen-2-wangsa-maju-flat-block-e-5360
Seksyen 2 Wangsa Maju Flat Block D,https://www.propertyguru.com.my/condo/seksyen-2-wangsa-maju-flat-block-d-5357
Seksyen 1 Wangsa Maju Flat Block E,https://www.propertyguru.com.my/condo/seksyen-1-wangsa-maju-flat-block-e-5381
Seksyen 4 Wangsa Maju Flat Block B,https://www.propertyguru.com.my/condo/seksyen-4-wangsa-maju-flat-block-b-5390
Tiara Mutiara,https://www.propertyguru.com.my/condo/tiara-mutiara-5423
Danau Kota Flat,https://www.propertyguru.com.my/condo/danau-kota-flat-5399
Seksyen 4 Wangsa Maju Flat Block A,https://www.propertyguru.com.my/condo/seksyen-4-wangsa-maju-flat-block-a-5387
Altitude 236 @ Bukit Manda'rina,https://www.propertyguru.com.my/condo/altitude-236-bukit-manda-rina-5414
The Sentral Residences @ KL Sentral,https://www.propertyguru.com.my/condo/the-sentral-residences-kl-sentral-5441
The BreezeWay Garden,https://www.propertyguru.com.my/condo/the-breezeway-garden-5435
Seri Ampang Hilir Residences,https://www.propertyguru.com.my/condo/seri-ampang-hilir-residences-5456
Le Yuan Residence,https://www.propertyguru.com.my/condo/le-yuan-residence-5468
St Regis The Residences,https://www.propertyguru.com.my/condo/st-regis-the-residences-5444
OG Heights,https://www.propertyguru.com.my/condo/og-heights-5480
Madge Mansions,https://www.propertyguru.com.my/condo/madge-mansions-5528
Soho Suites @ KLCC,https://www.propertyguru.com.my/condo/soho-suites-klcc-5570
Zeta Deskye Residence,https://www.propertyguru.com.my/condo/zeta-deskye-residence-5540
Desa Green Serviced Apartments,https://www.propertyguru.com.my/condo/desa-green-serviced-apartments-5579
Scenaria @ North Kiara Hills,https://www.propertyguru.com.my/condo/scenaria-north-kiara-hills-5582
Taman Pusat Kepong Shop Apartment,https://www.propertyguru.com.my/condo/taman-pusat-kepong-shop-apartment-5597
Flat Taman Bukit Angkasa,https://www.propertyguru.com.my/condo/flat-taman-bukit-angkasa-5576
ViPod Residences @ KLCC,https://www.propertyguru.com.my/condo/vipod-residences-klcc-5573
Bukit Cheras Apartment (Block 8 & 10),https://www.propertyguru.com.my/condo/bukit-cheras-apartment-block-8-10-5621
Plaza Sinar Apartment,https://www.propertyguru.com.my/condo/plaza-sinar-apartment-5627
Desa Aman Flat (Cheras),https://www.propertyguru.com.my/condo/desa-aman-flat-cheras-5603
Platinum Hill PV 2,https://www.propertyguru.com.my/condo/platinum-hill-pv-2-5624
Bukit Cheras Apartment (Block 1 & 3),https://www.propertyguru.com.my/condo/bukit-cheras-apartment-block-1-3-5618
Richmond @ Mont Kiara,https://www.propertyguru.com.my/condo/richmond-mont-kiara-5630
Platinum Lake PV16,https://www.propertyguru.com.my/condo/platinum-lake-pv16-5639
Nova I,https://www.propertyguru.com.my/condo/nova-i-5669
"NK Residences, North Kiara",https://www.propertyguru.com.my/condo/nk-residences-north-kiara-14473
Serene Mont Kiara,https://www.propertyguru.com.my/condo/serene-mont-kiara-14462
Residensi Kerinchi,https://www.propertyguru.com.my/condo/residensi-kerinchi-10150
Residensi Selayang Damai,https://www.propertyguru.com.my/condo/residensi-selayang-damai-16897
Apartment Dahlia,https://www.propertyguru.com.my/condo/apartment-dahlia-16418
Pangsapuri DBKL,https://www.propertyguru.com.my/condo/pangsapuri-dbkl-16512
Prima Tiara 1,https://www.propertyguru.com.my/condo/prima-tiara-1-15309
Aman Putra Apartment,https://www.propertyguru.com.my/condo/aman-putra-apartment-1405
Quarza,https://www.propertyguru.com.my/condo/quarza-15299
"Impiana Sky Residensi, Bukit Jalil",https://www.propertyguru.com.my/condo/impiana-sky-residensi-bukit-jalil-15458
Villa Mutiara @ Mutiara Complex,https://www.propertyguru.com.my/condo/villa-mutiara-mutiara-complex-5738
Residensi Solaris Parq,https://www.propertyguru.com.my/condo/residensi-solaris-parq-9933
Mutiara Fadason,https://www.propertyguru.com.my/condo/mutiara-fadason-13517
Rimbun @ Embassy Row,https://www.propertyguru.com.my/condo/rimbun-embassy-row-5942
2 Hampshire,https://www.propertyguru.com.my/condo/2-hampshire-29
202 DC (Desa Cahaya),https://www.propertyguru.com.my/condo/202-dc-desa-cahaya-30
Angkasa Condominiums,https://www.propertyguru.com.my/condo/angkasa-condominiums-187
The Pines,https://www.propertyguru.com.my/condo/the-pines-134
Angkasa Impian 2,https://www.propertyguru.com.my/condo/angkasa-impian-2-146
Palm Court Apartment,https://www.propertyguru.com.my/condo/palm-court-apartment-129
Segar Apartments,https://www.propertyguru.com.my/condo/segar-apartments-177
Segar Courts,https://www.propertyguru.com.my/condo/segar-courts-178
Sri Bahagia Court,https://www.propertyguru.com.my/condo/sri-bahagia-court-247
Suria Kipark Damansara,https://www.propertyguru.com.my/condo/suria-kipark-damansara-315
One Residency,https://www.propertyguru.com.my/condo/one-residency-284
The Nomad SuCasa,https://www.propertyguru.com.my/condo/the-nomad-sucasa-257
Nadia Parkhomes,https://www.propertyguru.com.my/condo/nadia-parkhomes-323
Idaman Residence @ KLCC,https://www.propertyguru.com.my/condo/idaman-residence-klcc-266
Apartment Bustan Shamelin,https://www.propertyguru.com.my/condo/apartment-bustan-shamelin-213
1 Sentul,https://www.propertyguru.com.my/condo/1-sentul-522
Anggun Puri,https://www.propertyguru.com.my/condo/anggun-puri-505
The Maple Condominium,https://www.propertyguru.com.my/condo/the-maple-condominium-530
Amandari,https://www.propertyguru.com.my/condo/amandari-504
Changkat View Condominium,https://www.propertyguru.com.my/condo/changkat-view-condominium-506
Sri Suajaya Condominiums,https://www.propertyguru.com.my/condo/sri-suajaya-condominiums-529
Kondo Bukit Robson,https://www.propertyguru.com.my/condo/kondo-bukit-robson-541
Waizuri 2,https://www.propertyguru.com.my/condo/waizuri-2-592
Astana,https://www.propertyguru.com.my/condo/astana-595
Dorchester Apartment,https://www.propertyguru.com.my/condo/dorchester-apartment-593
Mont Kiara Pines,https://www.propertyguru.com.my/condo/mont-kiara-pines-602
"Teratai Mewah (Block 15,17,19,21)",https://www.propertyguru.com.my/condo/teratai-mewah-block-15-17-19-21-589
Mayfair Apartment (Sri Hartamas),https://www.propertyguru.com.my/condo/mayfair-apartment-sri-hartamas-594
Menara Hartamas,https://www.propertyguru.com.my/condo/menara-hartamas-600
Endah Regal Condominium,https://www.propertyguru.com.my/condo/endah-regal-condominium-606
Petaling Indah Condominiums,https://www.propertyguru.com.my/condo/petaling-indah-condominiums-608
Melawati Hillside Apartment,https://www.propertyguru.com.my/condo/melawati-hillside-apartment-620
Desa View Towers Apartment,https://www.propertyguru.com.my/condo/desa-view-towers-apartment-619
Seri Duta I,https://www.propertyguru.com.my/condo/seri-duta-i-616
Endah Ria,https://www.propertyguru.com.my/condo/endah-ria-610
Desa Permai,https://www.propertyguru.com.my/condo/desa-permai-614
Seri Duta II,https://www.propertyguru.com.my/condo/seri-duta-ii-617
Kemensah Villa Condominium,https://www.propertyguru.com.my/condo/kemensah-villa-condominium-621
Riana Green East,https://www.propertyguru.com.my/condo/riana-green-east-636
Metroview Condominium,https://www.propertyguru.com.my/condo/metroview-condominium-635
The Plaza Condominium,https://www.propertyguru.com.my/condo/the-plaza-condominium-632
The Residence Condominium,https://www.propertyguru.com.my/condo/the-residence-condominium-633
Villa Wangsamas,https://www.propertyguru.com.my/condo/villa-wangsamas-637
Desa Dua Aman Puri,https://www.propertyguru.com.my/condo/desa-dua-aman-puri-1555
Mutiara Magna,https://www.propertyguru.com.my/condo/mutiara-magna-1556
Suria Jelatek Residence,https://www.propertyguru.com.my/condo/suria-jelatek-residence-1564
The Park Residences,https://www.propertyguru.com.my/condo/the-park-residences-1561
Mandy Court,https://www.propertyguru.com.my/condo/mandy-court-1557
Pangsapuri Sentul Utara,https://www.propertyguru.com.my/condo/pangsapuri-sentul-utara-1558
i-Zen Kiara II,https://www.propertyguru.com.my/condo/i-zen-kiara-ii-1559
Kiara Designer Suites,https://www.propertyguru.com.my/condo/kiara-designer-suites-1565
The Troika,https://www.propertyguru.com.my/condo/the-troika-1570
The Binjai,https://www.propertyguru.com.my/condo/the-binjai-1572
Sunway Vivaldi,https://www.propertyguru.com.my/condo/sunway-vivaldi-1575
Titiwangsa Sentral,https://www.propertyguru.com.my/condo/titiwangsa-sentral-1580
Binjai 8,https://www.propertyguru.com.my/condo/binjai-8-1573
Parkview Service Apartment,https://www.propertyguru.com.my/condo/parkview-service-apartment-1578
Verticas Residensi,https://www.propertyguru.com.my/condo/verticas-residensi-1568
St Mary Residences,https://www.propertyguru.com.my/condo/st-mary-residences-1567
Cormar Suite,https://www.propertyguru.com.my/condo/cormar-suite-1569
Panorama (KLCC),https://www.propertyguru.com.my/condo/panorama-klcc-1571
One KL,https://www.propertyguru.com.my/condo/one-kl-1587
Continental Heights,https://www.propertyguru.com.my/condo/continental-heights-1592
Bintang Goldhill,https://www.propertyguru.com.my/condo/bintang-goldhill-1588
One Menerung,https://www.propertyguru.com.my/condo/one-menerung-1586
1 Petaling,https://www.propertyguru.com.my/condo/1-petaling-1590
Ceriaan Kiara,https://www.propertyguru.com.my/condo/ceriaan-kiara-1589
Maytower,https://www.propertyguru.com.my/condo/maytower-1585
Aston Kiara 3,https://www.propertyguru.com.my/condo/aston-kiara-3-1582
Platinum Hill PV 3,https://www.propertyguru.com.my/condo/platinum-hill-pv-3-1595
Pantai Hillpark 2,https://www.propertyguru.com.my/condo/pantai-hillpark-2-1632
Pantai Hillpark 5,https://www.propertyguru.com.my/condo/pantai-hillpark-5-1634
Hampshire Place,https://www.propertyguru.com.my/condo/hampshire-place-1631
Pantai Hillpark 3,https://www.propertyguru.com.my/condo/pantai-hillpark-3-1633
Damansara Sutera,https://www.propertyguru.com.my/condo/damansara-sutera-1657
Mutiara Residency,https://www.propertyguru.com.my/condo/mutiara-residency-1652
Apartmen Bukit Sri Bintang,https://www.propertyguru.com.my/condo/apartmen-bukit-sri-bintang-1663
Desa Angkasa,https://www.propertyguru.com.my/condo/desa-angkasa-1679
Quadro Residences,https://www.propertyguru.com.my/condo/quadro-residences-1667
Camellia Serviced Suites,https://www.propertyguru.com.my/condo/camellia-serviced-suites-1689
Belvedere Condominium,https://www.propertyguru.com.my/condo/belvedere-condominium-1684
Lumayan Apartment (Bdr Tasik Permaisuri),https://www.propertyguru.com.my/condo/lumayan-apartment-bdr-tasik-permaisuri-1692
Platinum Victory Lake City PV 13,https://www.propertyguru.com.my/condo/platinum-victory-lake-city-pv-13-1678
Sri Bukit Tunku,https://www.propertyguru.com.my/condo/sri-bukit-tunku-1686
Plaza Menjalara,https://www.propertyguru.com.my/condo/plaza-menjalara-1699
Kristal Court Robson Heights,https://www.propertyguru.com.my/condo/kristal-court-robson-heights-1701
Desa Eight,https://www.propertyguru.com.my/condo/desa-eight-1709
Sri Langit Kondominium,https://www.propertyguru.com.my/condo/sri-langit-kondominium-1708
Villa Puteri,https://www.propertyguru.com.my/condo/villa-puteri-1718
The Vistana Residences,https://www.propertyguru.com.my/condo/the-vistana-residences-1719
The Palladium Condominium,https://www.propertyguru.com.my/condo/the-palladium-condominium-1721
Kondominium Bistari Begonia,https://www.propertyguru.com.my/condo/kondominium-bistari-begonia-1714
Kirana Residence,https://www.propertyguru.com.my/condo/kirana-residence-1725
Menara City One Condominium,https://www.propertyguru.com.my/condo/menara-city-one-condominium-1722
Intan Apartment (Setiawangsa),https://www.propertyguru.com.my/condo/intan-apartment-setiawangsa-1729
Sri Kia Peng,https://www.propertyguru.com.my/condo/sri-kia-peng-1733
D'Mayang,https://www.propertyguru.com.my/condo/d-mayang-1724
Villa Putra,https://www.propertyguru.com.my/condo/villa-putra-1717
Kenanga Point,https://www.propertyguru.com.my/condo/kenanga-point-1741
Villa Inai,https://www.propertyguru.com.my/condo/villa-inai-1737
Cheras Heights,https://www.propertyguru.com.my/condo/cheras-heights-1730
Impian Kota,https://www.propertyguru.com.my/condo/impian-kota-1738
Sri Kenny,https://www.propertyguru.com.my/condo/sri-kenny-1732
Menara Belfield Condominium,https://www.propertyguru.com.my/condo/menara-belfield-condominium-1739
Ixora Apartment (Jalan Tun Razak),https://www.propertyguru.com.my/condo/ixora-apartment-jalan-tun-razak-1742
Menara Polo,https://www.propertyguru.com.my/condo/menara-polo-1744
Casa Idaman,https://www.propertyguru.com.my/condo/casa-idaman-1755
Bangunan Choo Cheng Khay,https://www.propertyguru.com.my/condo/bangunan-choo-cheng-khay-1740
Sri Mutiara,https://www.propertyguru.com.my/condo/sri-mutiara-1749
Desa Pandan Delima Block J Apartment,https://www.propertyguru.com.my/condo/desa-pandan-delima-block-j-apartment-1743
Sri Jati II (OKR),https://www.propertyguru.com.my/condo/sri-jati-ii-okr-1758
Pangsapuri Tulin,https://www.propertyguru.com.my/condo/pangsapuri-tulin-1759
"Bennington Residences @ SkyArena, Setapak",https://www.propertyguru.com.my/condo/bennington-residences-skyarena-setapak-7499
Vista Angkasa,https://www.propertyguru.com.my/condo/vista-angkasa-1856
Bukit Desa Condominium,https://www.propertyguru.com.my/condo/bukit-desa-condominium-1857
28 Mont Kiara,https://www.propertyguru.com.my/condo/28-mont-kiara-1878
9 Madge,https://www.propertyguru.com.my/condo/9-madge-1881
231 TR,https://www.propertyguru.com.my/condo/231-tr-1877
11 Mont Kiara,https://www.propertyguru.com.my/condo/11-mont-kiara-1874
Ampersand,https://www.propertyguru.com.my/condo/ampersand-1884
20trees (The Apartment),https://www.propertyguru.com.my/condo/20trees-the-apartment-1875
Seni Mont Kiara,https://www.propertyguru.com.my/condo/seni-mont-kiara-1890
Brunsfield EmbassyView,https://www.propertyguru.com.my/condo/brunsfield-embassyview-1888
Covillea @ Bukit Jalil,https://www.propertyguru.com.my/condo/covillea-bukit-jalil-1891
Bintang Fairlane,https://www.propertyguru.com.my/condo/bintang-fairlane-1887
First Residence,https://www.propertyguru.com.my/condo/first-residence-1897
Anggun Residences,https://www.propertyguru.com.my/condo/anggun-residences-1903
Icon Residence (Mont Kiara),https://www.propertyguru.com.my/condo/icon-residence-mont-kiara-1902
M City,https://www.propertyguru.com.my/condo/m-city-1907
K Residence @ Jalan Ampang KLCC,https://www.propertyguru.com.my/condo/k-residence-jalan-ampang-klcc-1904
Endah Promenade,https://www.propertyguru.com.my/condo/endah-promenade-1896
Kiara 9,https://www.propertyguru.com.my/condo/kiara-9-1906
Gallery @ U-Thant,https://www.propertyguru.com.my/condo/gallery-u-thant-1899
Panorama Residences @ Sentul,https://www.propertyguru.com.my/condo/panorama-residences-sentul-1912
The Elements @ Ampang,https://www.propertyguru.com.my/condo/the-elements-ampang-1927
Royal Regent (Sri Putramas 3),https://www.propertyguru.com.my/condo/royal-regent-sri-putramas-3-1916
The Pearl,https://www.propertyguru.com.my/condo/the-pearl-1928
Swiss Garden Residences,https://www.propertyguru.com.my/condo/swiss-garden-residences-1924
Sixceylon Condominium,https://www.propertyguru.com.my/condo/sixceylon-condominium-1919
Waldorf Tower,https://www.propertyguru.com.my/condo/waldorf-tower-1935
OUG Parklane,https://www.propertyguru.com.my/condo/oug-parklane-1938
TTDI Plaza Condominium,https://www.propertyguru.com.my/condo/ttdi-plaza-condominium-1930
Vue Residences,https://www.propertyguru.com.my/condo/vue-residences-1934
The Capers,https://www.propertyguru.com.my/condo/the-capers-1943
Taragon Puteri KL,https://www.propertyguru.com.my/condo/taragon-puteri-kl-1925
The Greens @ TTDI,https://www.propertyguru.com.my/condo/the-greens-ttdi-1944
Kiaramas Danai,https://www.propertyguru.com.my/condo/kiaramas-danai-1972
Gembira Residen (G Residence),https://www.propertyguru.com.my/condo/gembira-residen-g-residence-1971
188 Suites (Fraser Residence),https://www.propertyguru.com.my/condo/188-suites-fraser-residence-1982
Rosvilla Condominium,https://www.propertyguru.com.my/condo/rosvilla-condominium-1975
222 Residency,https://www.propertyguru.com.my/condo/222-residency-1984
288 Residency,https://www.propertyguru.com.my/condo/288-residency-1986
8 Petaling,https://www.propertyguru.com.my/condo/8-petaling-1997
Abadi Ria,https://www.propertyguru.com.my/condo/abadi-ria-1998
6 CapSquare,https://www.propertyguru.com.my/condo/6-capsquare-1990
Acacia @ The Park Residences,https://www.propertyguru.com.my/condo/acacia-the-park-residences-2000
Amaya Maluri,https://www.propertyguru.com.my/condo/amaya-maluri-2008
Andalucia,https://www.propertyguru.com.my/condo/andalucia-2011
Alam Puri,https://www.propertyguru.com.my/condo/alam-puri-2002
Astana Lumayan (Bdr Tasik Permasuri),https://www.propertyguru.com.my/condo/astana-lumayan-bdr-tasik-permasuri-2021
Avelon Tower,https://www.propertyguru.com.my/condo/avelon-tower-2023
Astaka Heights,https://www.propertyguru.com.my/condo/astaka-heights-2020
Begonia @ The Park Residences,https://www.propertyguru.com.my/condo/begonia-the-park-residences-2035
Beverly 2 (Bandar Menjalara),https://www.propertyguru.com.my/condo/beverly-2-bandar-menjalara-2038
Bukit Mas Apartment,https://www.propertyguru.com.my/condo/bukit-mas-apartment-2042
Casa Residency,https://www.propertyguru.com.my/condo/casa-residency-2046
Bukit Segambut Apartment,https://www.propertyguru.com.my/condo/bukit-segambut-apartment-2044
Berjaya Times Square,https://www.propertyguru.com.my/condo/berjaya-times-square-2037
Banyan Tree @ Pavilion,https://www.propertyguru.com.my/condo/banyan-tree-pavilion-2033
Bougainvilla Apartment (Segambut),https://www.propertyguru.com.my/condo/bougainvilla-apartment-segambut-2041
Kondominium Bistari Lavender,https://www.propertyguru.com.my/condo/kondominium-bistari-lavender-2040
Carlton @ Plaza Damas 3,https://www.propertyguru.com.my/condo/carlton-plaza-damas-3-2045
Chelsea @ Plaza Damas 3,https://www.propertyguru.com.my/condo/chelsea-plaza-damas-3-2054
Platinum Hill PV 6,https://www.propertyguru.com.my/condo/platinum-hill-pv-6-2062
Midfields,https://www.propertyguru.com.my/condo/midfields-2060
Putra Villa,https://www.propertyguru.com.my/condo/putra-villa-2061
Platinum Hill PV 5,https://www.propertyguru.com.my/condo/platinum-hill-pv-5-2063
Setapak Green,https://www.propertyguru.com.my/condo/setapak-green-2064
Cheras Ria Apartment,https://www.propertyguru.com.my/condo/cheras-ria-apartment-2056
Cliveden @ Plaza Damas 3,https://www.propertyguru.com.my/condo/cliveden-plaza-damas-3-2055
Desarina Condominium,https://www.propertyguru.com.my/condo/desarina-condominium-2067
Diamond Residences @ Setapak,https://www.propertyguru.com.my/condo/diamond-residences-setapak-2075
Diamond Regency,https://www.propertyguru.com.my/condo/diamond-regency-2074
Sky Vista Residensi,https://www.propertyguru.com.my/condo/sky-vista-residensi-2086
Fahrenheit 88,https://www.propertyguru.com.my/condo/fahrenheit-88-2082
Central Residence @ Sg Besi,https://www.propertyguru.com.my/condo/central-residence-sg-besi-2090
Suasana Bukit Ceylon,https://www.propertyguru.com.my/condo/suasana-bukit-ceylon-2096
The Z Residence,https://www.propertyguru.com.my/condo/the-z-residence-2107
Miharja Condominium,https://www.propertyguru.com.my/condo/miharja-condominium-2092
Best Western Premier Dua Sentral,https://www.propertyguru.com.my/condo/best-western-premier-dua-sentral-2095
Kiara Residence 2,https://www.propertyguru.com.my/condo/kiara-residence-2-2102
Mirage Residence Luxury Condominium,https://www.propertyguru.com.my/condo/mirage-residence-luxury-condominium-2106
Dedaun,https://www.propertyguru.com.my/condo/dedaun-2116
Gaya Apartments,https://www.propertyguru.com.my/condo/gaya-apartments-2121
Residence 8,https://www.propertyguru.com.my/condo/residence-8-2112
Laman Ceylon,https://www.propertyguru.com.my/condo/laman-ceylon-2113
Four Seasons Place,https://www.propertyguru.com.my/condo/four-seasons-place-2120
Gembira Park,https://www.propertyguru.com.my/condo/gembira-park-2122
Golden City Condominium,https://www.propertyguru.com.my/condo/golden-city-condominium-2125
Iringan Hijau,https://www.propertyguru.com.my/condo/iringan-hijau-2153
Seri Bukit Ceylon Service Residence,https://www.propertyguru.com.my/condo/seri-bukit-ceylon-service-residence-2168
Verdana @ North Kiara,https://www.propertyguru.com.my/condo/verdana-north-kiara-2180
Putra Ria Apartment (Bangsar),https://www.propertyguru.com.my/condo/putra-ria-apartment-bangsar-2249
Savanna 2,https://www.propertyguru.com.my/condo/savanna-2-2264
Savanna,https://www.propertyguru.com.my/condo/savanna-2261
Sri Endah Apartment,https://www.propertyguru.com.my/condo/sri-endah-apartment-2279
Pudu Impian I,https://www.propertyguru.com.my/condo/pudu-impian-i-2297
One Mont Kiara (1 Mont Kiara),https://www.propertyguru.com.my/condo/one-mont-kiara-1-mont-kiara-2303
Iris Apartment (Taman Desa),https://www.propertyguru.com.my/condo/iris-apartment-taman-desa-2291
Pangsaria,https://www.propertyguru.com.my/condo/pangsaria-2285
Vila Tropika @ Pudu Impian II,https://www.propertyguru.com.my/condo/vila-tropika-pudu-impian-ii-2294
Vistaria Residensi,https://www.propertyguru.com.my/condo/vistaria-residensi-2300
Sri Jati I (OKR),https://www.propertyguru.com.my/condo/sri-jati-i-okr-2348
Bandar Damai Perdana Apartment,https://www.propertyguru.com.my/condo/bandar-damai-perdana-apartment-2372
Taman Miharja Apartments (LRT Miharja),https://www.propertyguru.com.my/condo/taman-miharja-apartments-lrt-miharja-2417
Desa Pandan Baiduri Block G Apartment,https://www.propertyguru.com.my/condo/desa-pandan-baiduri-block-g-apartment-2408
Sastra U-Thant,https://www.propertyguru.com.my/condo/sastra-u-thant-2426
Jasmin Apartment (Sri Rampai),https://www.propertyguru.com.my/condo/jasmin-apartment-sri-rampai-2432
Pangsapuri Segar Ria,https://www.propertyguru.com.my/condo/pangsapuri-segar-ria-2420
Wickham Manor,https://www.propertyguru.com.my/condo/wickham-manor-2423
Sentul Utama Condominium,https://www.propertyguru.com.my/condo/sentul-utama-condominium-2450
Madu Mas Apartment,https://www.propertyguru.com.my/condo/madu-mas-apartment-2438
Plaza 393 Condominium,https://www.propertyguru.com.my/condo/plaza-393-condominium-2411
Miharja Apartment (LRT Maluri),https://www.propertyguru.com.my/condo/miharja-apartment-lrt-maluri-2414
Platinum Suites,https://www.propertyguru.com.my/condo/platinum-suites-2453
Villa Danau,https://www.propertyguru.com.my/condo/villa-danau-2456
Menara Orkid,https://www.propertyguru.com.my/condo/menara-orkid-2447
Plaza Prima Setapak,https://www.propertyguru.com.my/condo/plaza-prima-setapak-2513
Scott Sentral,https://www.propertyguru.com.my/condo/scott-sentral-2546
The Signature,https://www.propertyguru.com.my/condo/the-signature-2543
Villa Makmur,https://www.propertyguru.com.my/condo/villa-makmur-2540
Mas Kiara Residences,https://www.propertyguru.com.my/condo/mas-kiara-residences-2522
Prima Setapak II,https://www.propertyguru.com.my/condo/prima-setapak-ii-2516
Seri Puteri Condominium,https://www.propertyguru.com.my/condo/seri-puteri-condominium-2528
Putra Suria Residensi,https://www.propertyguru.com.my/condo/putra-suria-residensi-2525
Jubilee Court,https://www.propertyguru.com.my/condo/jubilee-court-2552
Menara Avenue,https://www.propertyguru.com.my/condo/menara-avenue-2567
Merdeka View Apartment,https://www.propertyguru.com.my/condo/merdeka-view-apartment-2549
Megan Ambassy,https://www.propertyguru.com.my/condo/megan-ambassy-2570
Plaza Medan Putra,https://www.propertyguru.com.my/condo/plaza-medan-putra-2669
Vida Bukit Ceylon,https://www.propertyguru.com.my/condo/vida-bukit-ceylon-2717
Residensi Desa,https://www.propertyguru.com.my/condo/residensi-desa-2708
Manda'rina Court,https://www.propertyguru.com.my/condo/manda-rina-court-2705
Flat Taman Bukit Anggerik,https://www.propertyguru.com.my/condo/flat-taman-bukit-anggerik-2702
KM1 West Condominium @ Bukit Jalil,https://www.propertyguru.com.my/condo/km1-west-condominium-bukit-jalil-2723
Q1 Condominium,https://www.propertyguru.com.my/condo/q1-condominium-5804
Sutera Maya Condominium,https://www.propertyguru.com.my/condo/sutera-maya-condominium-5861
Villa Orkid Condominium @ Prima Pelangi,https://www.propertyguru.com.my/condo/villa-orkid-condominium-prima-pelangi-5855
Arcoris Residences @ Arcoris Mont Kiara,https://www.propertyguru.com.my/condo/arcoris-residences-arcoris-mont-kiara-5840
Sentrio Suites,https://www.propertyguru.com.my/condo/sentrio-suites-5888
The Horizon Residences @ Jalan Tun Razak,https://www.propertyguru.com.my/condo/the-horizon-residences-jalan-tun-razak-5846
Kuchai Entrepreneurs Park Shop Apartment,https://www.propertyguru.com.my/condo/kuchai-entrepreneurs-park-shop-apartment-5903
Residensi 22 @ Mont Kiara,https://www.propertyguru.com.my/condo/residensi-22-mont-kiara-5891
Anyaman Residence,https://www.propertyguru.com.my/condo/anyaman-residence-5915
G Residence @ Desa Pandan,https://www.propertyguru.com.my/condo/g-residence-desa-pandan-5945
Sri Intan 2 (Jalan Ipoh),https://www.propertyguru.com.my/condo/sri-intan-2-jalan-ipoh-5993
Suasana Lumayan,https://www.propertyguru.com.my/condo/suasana-lumayan-5978
The Treez Jalil Residence @ Bukit Jalil,https://www.propertyguru.com.my/condo/the-treez-jalil-residence-bukit-jalil-5984
Nadi Bangsar Service Residence,https://www.propertyguru.com.my/condo/nadi-bangsar-service-residence-6050
Lakeville Residence,https://www.propertyguru.com.my/condo/lakeville-residence-6056
Tiara Mutiara 2,https://www.propertyguru.com.my/condo/tiara-mutiara-2-6032
Residensi Rampai,https://www.propertyguru.com.my/condo/residensi-rampai-6080
Saville @ Melawati,https://www.propertyguru.com.my/condo/saville-melawati-6086
28 Dutamas,https://www.propertyguru.com.my/condo/28-dutamas-6083
Happy Garden Apartment,https://www.propertyguru.com.my/condo/happy-garden-apartment-6128
Desa Pandan Elena Block F Apartment,https://www.propertyguru.com.my/condo/desa-pandan-elena-block-f-apartment-6143
Nusa Mewah Villa Condominium,https://www.propertyguru.com.my/condo/nusa-mewah-villa-condominium-6158
Medan Bukit Permai Shop Apartment,https://www.propertyguru.com.my/condo/medan-bukit-permai-shop-apartment-6188
288 Residences @ Kuchai Lama,https://www.propertyguru.com.my/condo/288-residences-kuchai-lama-6245
Petalz Residences @ Old Klang Road,https://www.propertyguru.com.my/condo/petalz-residences-old-klang-road-6248
TWY Duplex Condos @ Mont Kiara,https://www.propertyguru.com.my/condo/twy-duplex-condos-mont-kiara-6242
100 Residency,https://www.propertyguru.com.my/condo/100-residency-6278
D'Sands Residence @ Old Klang Road,https://www.propertyguru.com.my/condo/d-sands-residence-old-klang-road-6251
SkyVille 8 @ Benteng 8,https://www.propertyguru.com.my/condo/skyville-8-benteng-8-6287
Platinum Lake Condominium PV 20,https://www.propertyguru.com.my/condo/platinum-lake-condominium-pv-20-6239
Avantas Residences @ Old Klang Road,https://www.propertyguru.com.my/condo/avantas-residences-old-klang-road-6254
Taman Connaught Flat (High Rise),https://www.propertyguru.com.my/condo/taman-connaught-flat-high-rise-6299
Taman Connaught Flat (Low Rise),https://www.propertyguru.com.my/condo/taman-connaught-flat-low-rise-6296
Hedgeford 10 Residences @ Wangsa Maju,https://www.propertyguru.com.my/condo/hedgeford-10-residences-wangsa-maju-6338
The Reach @ Titiwangsa,https://www.propertyguru.com.my/condo/the-reach-titiwangsa-6329
Taman Kepong Indah Flat,https://www.propertyguru.com.my/condo/taman-kepong-indah-flat-6335
The Loft @ ZetaPark,https://www.propertyguru.com.my/condo/the-loft-zetapark-6401
Maxim Residences @ Cheras KL,https://www.propertyguru.com.my/condo/maxim-residences-cheras-kl-6395
Maxim Citylights @ Sentul KL,https://www.propertyguru.com.my/condo/maxim-citylights-sentul-kl-6392
Anjali North Kiara,https://www.propertyguru.com.my/condo/anjali-north-kiara-6425
Cloud Tree @ Cheras,https://www.propertyguru.com.my/condo/cloud-tree-cheras-6410
South View Serviced Apartments,https://www.propertyguru.com.my/condo/south-view-serviced-apartments-6431
Expressionz Professional Suites,https://www.propertyguru.com.my/condo/expressionz-professional-suites-6467
The Leafz @ Sungai Besi,https://www.propertyguru.com.my/condo/the-leafz-sungai-besi-6464
Villa Crystal,https://www.propertyguru.com.my/condo/villa-crystal-6473
Vila Vista @ Cheras,https://www.propertyguru.com.my/condo/vila-vista-cheras-6470
Twin Arkz @ Bukit Jalil,https://www.propertyguru.com.my/condo/twin-arkz-bukit-jalil-6461
The Link 2 Residences,https://www.propertyguru.com.my/condo/the-link-2-residences-6482
Tribeca Bukit Bintang,https://www.propertyguru.com.my/condo/tribeca-bukit-bintang-6512
Serai Bukit Bandaraya,https://www.propertyguru.com.my/condo/serai-bukit-bandaraya-6500
Lido Residency,https://www.propertyguru.com.my/condo/lido-residency-6506
The Vyne,https://www.propertyguru.com.my/condo/the-vyne-6521
Dua Menjalara Kondominium,https://www.propertyguru.com.my/condo/dua-menjalara-kondominium-6542
Pavilion Hilltop @ Mont Kiara,https://www.propertyguru.com.my/condo/pavilion-hilltop-mont-kiara-6554
The Andes,https://www.propertyguru.com.my/condo/the-andes-6539
"The Mews, KLCC",https://www.propertyguru.com.my/condo/the-mews-klcc-6575
Fortune Perdana Lakeside Residences,https://www.propertyguru.com.my/condo/fortune-perdana-lakeside-residences-6551
Riverville Residences,https://www.propertyguru.com.my/condo/riverville-residences-6590
OUG Parklane Phase 2,https://www.propertyguru.com.my/condo/oug-parklane-phase-2-6668
OUG Parklane Phase 3,https://www.propertyguru.com.my/condo/oug-parklane-phase-3-6671
Taman Permata Fadason,https://www.propertyguru.com.my/condo/taman-permata-fadason-6620
Damai 88,https://www.propertyguru.com.my/condo/damai-88-6653
The Sanctuary,https://www.propertyguru.com.my/condo/the-sanctuary-6659
Pangsapuri Mega Indah,https://www.propertyguru.com.my/condo/pangsapuri-mega-indah-6638
Verve Suites @ KL South,https://www.propertyguru.com.my/condo/verve-suites-kl-south-6656
Seasons Garden Residences @ Wangsa Maju,https://www.propertyguru.com.my/condo/seasons-garden-residences-wangsa-maju-6686
Damansara City Residency,https://www.propertyguru.com.my/condo/damansara-city-residency-6710
Pearl Suria,https://www.propertyguru.com.my/condo/pearl-suria-6722
Star Residences @ KLCC,https://www.propertyguru.com.my/condo/star-residences-klcc-6707
Residency V,https://www.propertyguru.com.my/condo/residency-v-6725
VIVO Residential Suites @ 9 Seputeh,https://www.propertyguru.com.my/condo/vivo-residential-suites-9-seputeh-6797
Irama Wangsa,https://www.propertyguru.com.my/condo/irama-wangsa-6791
Inwood Residences @ Pantai Sentral Park,https://www.propertyguru.com.my/condo/inwood-residences-pantai-sentral-park-6806
Sentul Village Mercury Service Apartment,https://www.propertyguru.com.my/condo/sentul-village-mercury-service-apartment-6833
TTDI Ascencia,https://www.propertyguru.com.my/condo/ttdi-ascencia-6821
The Robertson,https://www.propertyguru.com.my/condo/the-robertson-6863
Dorsett Residences Bukit Bintang,https://www.propertyguru.com.my/condo/dorsett-residences-bukit-bintang-6866
Laman Damai Kepong (Li Garden),https://www.propertyguru.com.my/condo/laman-damai-kepong-li-garden-6875
Taman Usaha Jaya Shop Apartment,https://www.propertyguru.com.my/condo/taman-usaha-jaya-shop-apartment-6878
SERINI Melawati,https://www.propertyguru.com.my/condo/serini-melawati-6965
Chymes @ Gurney,https://www.propertyguru.com.my/condo/chymes-gurney-6935
Trinity Aquata,https://www.propertyguru.com.my/condo/trinity-aquata-6968
KL Traders Square Residences,https://www.propertyguru.com.my/condo/kl-traders-square-residences-6980
The Westside II,https://www.propertyguru.com.my/condo/the-westside-ii-7007
Denai Sutera,https://www.propertyguru.com.my/condo/denai-sutera-6998
Pangsapuri Seroja (Laman Rimbunan),https://www.propertyguru.com.my/condo/pangsapuri-seroja-laman-rimbunan-6986
DEX Suites 1.0 (Tower A) @ Kiara East,https://www.propertyguru.com.my/condo/dex-suites-1-0-tower-a-kiara-east-7004
Flat Taman Melati Blok A,https://www.propertyguru.com.my/condo/flat-taman-melati-blok-a-7082
Flat Taman Melati Blok E,https://www.propertyguru.com.my/condo/flat-taman-melati-blok-e-7094
Desa Pandan Baiduri Apartment Block C1,https://www.propertyguru.com.my/condo/desa-pandan-baiduri-apartment-block-c1-7061
The Manhattan,https://www.propertyguru.com.my/condo/the-manhattan-7328
Apartment Abdullah Hukum,https://www.propertyguru.com.my/condo/apartment-abdullah-hukum-7397
Bayu Sentul Condominium,https://www.propertyguru.com.my/condo/bayu-sentul-condominium-7400
Nobleton Crest,https://www.propertyguru.com.my/condo/nobleton-crest-7367
Vortex Hotel Suites & Residences @ KLCC,https://www.propertyguru.com.my/condo/vortex-hotel-suites-residences-klcc-7424
Citizen 2 @ Old Klang Road,https://www.propertyguru.com.my/condo/citizen-2-old-klang-road-7445
The Henge Kepong,https://www.propertyguru.com.my/condo/the-henge-kepong-7439
Garden Tower Apartment,https://www.propertyguru.com.my/condo/garden-tower-apartment-7418
Residensi Gombak 126,https://www.propertyguru.com.my/condo/residensi-gombak-126-7502
Ascenda Residences @ SkyArena Setapak,https://www.propertyguru.com.my/condo/ascenda-residences-skyarena-setapak-7496
OPUS Kuala Lumpur,https://www.propertyguru.com.my/condo/opus-kuala-lumpur-7550
Riana Dutamas,https://www.propertyguru.com.my/condo/riana-dutamas-7634
Secoya Residences,https://www.propertyguru.com.my/condo/secoya-residences-7619
The Centrina @ Central Residence,https://www.propertyguru.com.my/condo/the-centrina-central-residence-7628
KM1 East Condominium @ Bukit Jalil,https://www.propertyguru.com.my/condo/km1-east-condominium-bukit-jalil-7697
United Point Residence @ North Kiara,https://www.propertyguru.com.my/condo/united-point-residence-north-kiara-7718
Danau Kota Suite Apartments,https://www.propertyguru.com.my/condo/danau-kota-suite-apartments-7715
Spring Avenue @ Kuchai Lama,https://www.propertyguru.com.my/condo/spring-avenue-kuchai-lama-7739
Parkhill Residence Bukit Jalil,https://www.propertyguru.com.my/condo/parkhill-residence-bukit-jalil-7754
DEX Suites 2.0 (Tower B) @ Kiara East,https://www.propertyguru.com.my/condo/dex-suites-2-0-tower-b-kiara-east-7796
Citizen @ Old Klang Road,https://www.propertyguru.com.my/condo/citizen-old-klang-road-7769
D'Majestic Residenz @ Pudu,https://www.propertyguru.com.my/condo/d-majestic-residenz-pudu-7772
MH Platinum Residences,https://www.propertyguru.com.my/condo/mh-platinum-residences-7844
Reizz Residence,https://www.propertyguru.com.my/condo/reizz-residence-7835
Sentul Point Suite Apartment,https://www.propertyguru.com.my/condo/sentul-point-suite-apartment-7871
Novum Bangsar South,https://www.propertyguru.com.my/condo/novum-bangsar-south-7847
Court 28 @ KL City,https://www.propertyguru.com.my/condo/court-28-kl-city-7958
Fortune Centra Residences,https://www.propertyguru.com.my/condo/fortune-centra-residences-8054
Shamelin Star,https://www.propertyguru.com.my/condo/shamelin-star-8051
One Central Park @ Desa ParkCity,https://www.propertyguru.com.my/condo/one-central-park-desa-parkcity-8075
VIM 3 @ Desa Park North,https://www.propertyguru.com.my/condo/vim-3-desa-park-north-8039
The Estate @ South Bangsar,https://www.propertyguru.com.my/condo/the-estate-south-bangsar-8060
Rafflesia Sentul Condominium,https://www.propertyguru.com.my/condo/rafflesia-sentul-condominium-8111
Seri Cempaka Service Suites @ Cheras,https://www.propertyguru.com.my/condo/seri-cempaka-service-suites-cheras-8108
KL Gateway Residences,https://www.propertyguru.com.my/condo/kl-gateway-residences-8093
KL Gateway Premium Residences,https://www.propertyguru.com.my/condo/kl-gateway-premium-residences-8090
Residensi Seri Wahyu @ Jalan Kuching KL,https://www.propertyguru.com.my/condo/residensi-seri-wahyu-jalan-kuching-kl-8135
Residensi Pandanmas 2,https://www.propertyguru.com.my/condo/residensi-pandanmas-2-8132
Sunway Mont Residences,https://www.propertyguru.com.my/condo/sunway-mont-residences-8297
Flexus Signature Suites @ Jalan Kuching,https://www.propertyguru.com.my/condo/flexus-signature-suites-jalan-kuching-8288
Dorsett Residences Sri Hartamas,https://www.propertyguru.com.my/condo/dorsett-residences-sri-hartamas-8264
Arcoris SOHO,https://www.propertyguru.com.my/condo/arcoris-soho-8432
Arcoris Suites,https://www.propertyguru.com.my/condo/arcoris-suites-8438
Riana South,https://www.propertyguru.com.my/condo/riana-south-8435
Lucentia Residence @ Bukit Bintang City Centre KL,https://www.propertyguru.com.my/condo/lucentia-residence-bukit-bintang-city-centre-kl-9332
Eco Sky,https://www.propertyguru.com.my/condo/eco-sky-9329
SkyMeridien Residences @ Sentul East,https://www.propertyguru.com.my/condo/skymeridien-residences-sentul-east-9362
The Annex @ Medan Connaught,https://www.propertyguru.com.my/condo/the-annex-medan-connaught-9347
PV18 Residence,https://www.propertyguru.com.my/condo/pv18-residence-9404
"The Park 2, Pavilion Bukit Jalil",https://www.propertyguru.com.my/condo/the-park-2-pavilion-bukit-jalil-9431
The Park Sky Residence @ Bukit Jalil City,https://www.propertyguru.com.my/condo/the-park-sky-residence-bukit-jalil-city-9443
The Hermington @ Kuchai Lama,https://www.propertyguru.com.my/condo/the-hermington-kuchai-lama-9437
Platinum Splendor Residensi Semarak,https://www.propertyguru.com.my/condo/platinum-splendor-residensi-semarak-9458
V Residence 2 @ Sunway Velocity,https://www.propertyguru.com.my/condo/v-residence-2-sunway-velocity-9560
Sinaran Wangsa Maju,https://www.propertyguru.com.my/condo/sinaran-wangsa-maju-9527
Residensi Puchongmas,https://www.propertyguru.com.my/condo/residensi-puchongmas-8141
The Holmes 2 @ Bandar Tun Razak,https://www.propertyguru.com.my/condo/the-holmes-2-bandar-tun-razak-8231
One Residences,https://www.propertyguru.com.my/condo/one-residences-8369
M Centura,https://www.propertyguru.com.my/condo/m-centura-8381
Infiniti Residences @ Wangsa Maju,https://www.propertyguru.com.my/condo/infiniti-residences-wangsa-maju-8333
Basalta Tower @ Eco Sky,https://www.propertyguru.com.my/condo/basalta-tower-eco-sky-8498
Ativo Suites @ Damansara Avenue,https://www.propertyguru.com.my/condo/ativo-suites-damansara-avenue-9383
Le Nouvel KLCC,https://www.propertyguru.com.my/condo/le-nouvel-klcc-9371
"Rica Residence Sentul, KL",https://www.propertyguru.com.my/condo/rica-residence-sentul-kl-8234
Midfields 2,https://www.propertyguru.com.my/condo/midfields-2-8168
KL Eco City Vogue Suites 1,https://www.propertyguru.com.my/condo/kl-eco-city-vogue-suites-1-8267
Mercu Summer Suites @ Kuala Lumpur,https://www.propertyguru.com.my/condo/mercu-summer-suites-kuala-lumpur-8252
"The Ritz-Carlton Residences, Kuala Lumpur",https://www.propertyguru.com.my/condo/the-ritz-carlton-residences-kuala-lumpur-8222
Suria @ North Kiara,https://www.propertyguru.com.my/condo/suria-north-kiara-8279
"Fera Residence @ The Quartz, Wangsa Maju",https://www.propertyguru.com.my/condo/fera-residence-the-quartz-wangsa-maju-8384
South Link,https://www.propertyguru.com.my/condo/south-link-8399
The Establishment,https://www.propertyguru.com.my/condo/the-establishment-8417
THE FENNEL AT SENTUL EAST,https://www.propertyguru.com.my/condo/the-fennel-at-sentul-east-8396
Aurora Tower @ Eco Sky,https://www.propertyguru.com.my/condo/aurora-tower-eco-sky-8495
Clarita Tower @ Eco Sky,https://www.propertyguru.com.my/condo/clarita-tower-eco-sky-8501
Vista Langkawi @ Residensi PV 18,https://www.propertyguru.com.my/condo/vista-langkawi-residensi-pv-18-9299
Majestic Maxim,https://www.propertyguru.com.my/condo/majestic-maxim-9494
Three28 Tun Razak,https://www.propertyguru.com.my/condo/three28-tun-razak-7763
Vina Versatile Homes @ Cheras,https://www.propertyguru.com.my/condo/vina-versatile-homes-cheras-6503
Southbank Residence,https://www.propertyguru.com.my/condo/southbank-residence-6428
"Sofiya Residensi, Desa ParkCity",https://www.propertyguru.com.my/condo/sofiya-residensi-desa-parkcity-17867
Saville @ Jalan Klang Lama,https://www.propertyguru.com.my/condo/saville-jalan-klang-lama-486
The Haute Gurney KL,https://www.propertyguru.com.my/condo/the-haute-gurney-kl-7685
Stonor 3 @ KLCC,https://www.propertyguru.com.my/condo/stonor-3-klcc-8030
"The Hamstead, Desa Tun Razak",https://www.propertyguru.com.my/condo/the-hamstead-desa-tun-razak-13153
Continew Condominium,https://www.propertyguru.com.my/condo/continew-condominium-13386
Berlian Setapak Residence @ Jalan Semarak Api,https://www.propertyguru.com.my/condo/berlian-setapak-residence-jalan-semarak-api-11503
Waltz Residences,https://www.propertyguru.com.my/condo/waltz-residences-9648
"The Colony, KLCC",https://www.propertyguru.com.my/condo/the-colony-klcc-9083
The ERA @ Duta North,https://www.propertyguru.com.my/condo/the-era-duta-north-8393
Agile Mont Kiara,https://www.propertyguru.com.my/condo/agile-mont-kiara-8306
KL East : The Ridge,https://www.propertyguru.com.my/condo/kl-east-the-ridge-9667
Pavilion Damansara Heights,https://www.propertyguru.com.my/condo/pavilion-damansara-heights-14178
Skyluxe On The Park @ Bukit Jalil,https://www.propertyguru.com.my/condo/skyluxe-on-the-park-bukit-jalil-7814
One Maxim @ Sentul KL,https://www.propertyguru.com.my/condo/one-maxim-sentul-kl-7973
The Havre @ Bukit Jalil,https://www.propertyguru.com.my/condo/the-havre-bukit-jalil-7853
"The Herz, Kepong",https://www.propertyguru.com.my/condo/the-herz-kepong-8477
East Parc @ Menjalara,https://www.propertyguru.com.my/condo/east-parc-menjalara-8021
Arte @ Mont Kiara,https://www.propertyguru.com.my/condo/arte-mont-kiara-7103
Mizumi Residences,https://www.propertyguru.com.my/condo/mizumi-residences-7961
The Riyang @ Happy Garden,https://www.propertyguru.com.my/condo/the-riyang-happy-garden-7781
The Hamilton @ Wangsa Maju,https://www.propertyguru.com.my/condo/the-hamilton-wangsa-maju-8018
Suria Stonor,https://www.propertyguru.com.my/condo/suria-stonor-273
Three33 Residence,https://www.propertyguru.com.my/condo/three33-residence-11736
